,Algorithm,n,time
0,STAR-SHAP (n-STAR),2,0.1300208568572998
1,SHAP,2,2.716254234313965
2,Kernel SHAP,2,1.3069264888763428
3,Unbiased Kernel SHAP,2,1.3190767765045166
4,SHAP-IQ,2,1.307487964630127
5,STAR-SHAP (n-STAR),3,0.24397563934326172
6,SHAP,3,0.08546137809753418
7,Kernel SHAP,3,1.3690664768218994
8,Unbiased Kernel SHAP,3,1.3652293682098389
9,SHAP-IQ,3,1.3648107051849365
10,STAR-SHAP (n-STAR),4,0.4703385829925537
11,SHAP,4,0.0932912826538086
12,Kernel SHAP,4,1.4871258735656738
13,Unbiased Kernel SHAP,4,1.4724147319793701
14,SHAP-IQ,4,1.4650869369506836
15,STAR-SHAP (n-STAR),5,0.952387809753418
16,STAR-SHAP (5-STAR),5,0.9563288688659668
17,SHAP,5,0.11229872703552246
18,Kernel SHAP,5,1.6996190547943115
19,Unbiased Kernel SHAP,5,1.6720125675201416
20,SHAP-IQ,5,1.6633546352386475
21,STAR-SHAP (n-STAR),6,1.8647398948669434
22,STAR-SHAP (5-STAR),6,1.359421968460083
23,SHAP,6,0.14681601524353027
24,Kernel SHAP,6,2.2106921672821045
25,Unbiased Kernel SHAP,6,2.1169826984405518
26,SHAP-IQ,6,2.127490758895874
27,STAR-SHAP (n-STAR),7,3.7936036586761475
28,STAR-SHAP (5-STAR),7,2.3562216758728027
29,SHAP,7,0.21239256858825684
30,Kernel SHAP,7,2.7069408893585205
31,Unbiased Kernel SHAP,7,2.603424549102783
32,SHAP-IQ,7,2.611097574234009
33,STAR-SHAP (n-STAR),8,7.752469301223755
34,STAR-SHAP (5-STAR),8,3.5340993404388428
35,SHAP,8,0.3803751468658447
36,Kernel SHAP,8,3.00127911567688
37,Unbiased Kernel SHAP,8,2.8795011043548584
38,SHAP-IQ,8,2.8936104774475098
39,STAR-SHAP (n-STAR),9,15.772260427474976
40,STAR-SHAP (5-STAR),9,4.243266820907593
41,SHAP,9,0.6546239852905273
42,Kernel SHAP,9,3.128894329071045
43,Unbiased Kernel SHAP,9,3.0346860885620117
44,SHAP-IQ,9,3.046715497970581
45,STAR-SHAP (n-STAR),10,31.896183252334595
46,STAR-SHAP (5-STAR),10,4.727945327758789
47,SHAP,10,1.1730799674987793
48,Kernel SHAP,10,3.3051276206970215
49,Unbiased Kernel SHAP,10,3.1635756492614746
50,SHAP-IQ,10,3.1748099327087402
51,STAR-SHAP (5-STAR),11,4.551700592041016
52,SHAP,11,2.2747559547424316
53,Kernel SHAP,11,3.242774248123169
54,Unbiased Kernel SHAP,11,3.092290163040161
55,SHAP-IQ,11,3.096160650253296
56,STAR-SHAP (5-STAR),12,4.646362781524658
57,SHAP,12,7.225337982177734
58,Kernel SHAP,12,3.396138906478882
59,Unbiased Kernel SHAP,12,3.2715225219726562
60,SHAP-IQ,12,3.2455878257751465
61,STAR-SHAP (5-STAR),13,4.875014781951904
62,SHAP,13,22.303643226623535
63,Kernel SHAP,13,3.4537863731384277
64,Unbiased Kernel SHAP,13,3.2942018508911133
65,SHAP-IQ,13,3.2863354682922363
66,STAR-SHAP (5-STAR),14,4.840874433517456
67,SHAP,14,46.39147067070007
68,Kernel SHAP,14,3.4592554569244385
69,Unbiased Kernel SHAP,14,3.290558099746704
70,SHAP-IQ,14,3.2708919048309326
71,STAR-SHAP (5-STAR),15,4.756953477859497
72,Kernel SHAP,15,3.4043262004852295
73,Unbiased Kernel SHAP,15,3.230670213699341
74,SHAP-IQ,15,3.2308568954467773
75,STAR-SHAP (5-STAR),16,4.841027736663818
76,Kernel SHAP,16,3.481912136077881
77,Unbiased Kernel SHAP,16,3.2925894260406494
78,SHAP-IQ,16,3.2915139198303223
79,STAR-SHAP (5-STAR),17,4.860709190368652
80,Kernel SHAP,17,3.4821972846984863
81,Unbiased Kernel SHAP,17,3.2994768619537354
82,SHAP-IQ,17,3.2695751190185547
83,STAR-SHAP (5-STAR),18,4.889647722244263
84,Kernel SHAP,18,5.630237102508545
85,Unbiased Kernel SHAP,18,3.306648015975952
86,SHAP-IQ,18,3.2636330127716064
87,STAR-SHAP (5-STAR),19,4.881936550140381
88,Kernel SHAP,19,5.584191083908081
89,Unbiased Kernel SHAP,19,3.345202922821045
90,SHAP-IQ,19,3.3215172290802
91,STAR-SHAP (5-STAR),20,4.894943952560425
92,Kernel SHAP,20,5.660489559173584
93,Unbiased Kernel SHAP,20,3.4016575813293457
94,SHAP-IQ,20,3.3487703800201416
95,STAR-SHAP (5-STAR),70,5.184701919555664
96,Kernel SHAP,70,7.309542417526245
97,Unbiased Kernel SHAP,70,3.677121639251709
98,SHAP-IQ,70,3.641176700592041
99,STAR-SHAP (5-STAR),120,5.160320043563843
100,Kernel SHAP,120,14.466663360595703
101,Unbiased Kernel SHAP,120,4.107987880706787
102,SHAP-IQ,120,4.074960708618164
103,STAR-SHAP (5-STAR),170,5.2758777141571045
104,Kernel SHAP,170,20.497930765151978
105,Unbiased Kernel SHAP,170,4.591514825820923
106,SHAP-IQ,170,4.56730055809021
107,STAR-SHAP (5-STAR),220,5.434492826461792
108,Kernel SHAP,220,29.09467577934265
109,Unbiased Kernel SHAP,220,5.010614395141602
110,SHAP-IQ,220,4.985631465911865
111,STAR-SHAP (5-STAR),270,5.534551620483398
112,Kernel SHAP,270,32.588451862335205
113,Unbiased Kernel SHAP,270,5.572569370269775
114,SHAP-IQ,270,5.472441673278809
115,STAR-SHAP (5-STAR),320,5.676224231719971
116,Kernel SHAP,320,43.954593896865845
117,Unbiased Kernel SHAP,320,6.106345891952515
118,SHAP-IQ,320,6.096646547317505
119,STAR-SHAP (5-STAR),370,5.747241258621216
120,Kernel SHAP,370,47.34815549850464
121,Unbiased Kernel SHAP,370,6.748490571975708
122,SHAP-IQ,370,6.7049853801727295
123,STAR-SHAP (5-STAR),420,5.954405307769775
124,Kernel SHAP,420,40.703470945358276
125,Unbiased Kernel SHAP,420,7.352334022521973
126,SHAP-IQ,420,7.381508827209473
127,STAR-SHAP (5-STAR),470,6.027345180511475
128,Kernel SHAP,470,50.2685022354126
129,Unbiased Kernel SHAP,470,8.06110429763794
130,SHAP-IQ,470,8.063649654388428
131,STAR-SHAP (5-STAR),520,6.093097925186157
132,Kernel SHAP,520,56.19493818283081
133,Unbiased Kernel SHAP,520,8.834504127502441
134,SHAP-IQ,520,8.85532832145691
135,STAR-SHAP (5-STAR),570,6.168091535568237
136,Kernel SHAP,570,54.05940651893616
137,Unbiased Kernel SHAP,570,9.728358745574951
138,SHAP-IQ,570,9.649987697601318
139,STAR-SHAP (5-STAR),620,6.246528148651123
140,Kernel SHAP,620,49.331599712371826
141,Unbiased Kernel SHAP,620,10.519166469573975
142,SHAP-IQ,620,10.465744972229004
143,STAR-SHAP (5-STAR),670,6.3584699630737305
144,Kernel SHAP,670,54.43889307975769
145,Unbiased Kernel SHAP,670,11.300828456878662
146,SHAP-IQ,670,11.295117139816284
147,STAR-SHAP (5-STAR),720,6.391779184341431
148,Kernel SHAP,720,52.95607805252075
149,Unbiased Kernel SHAP,720,12.309909582138062
150,SHAP-IQ,720,12.278719425201416
151,STAR-SHAP (5-STAR),770,6.529256582260132
152,Kernel SHAP,770,56.79045224189758
153,Unbiased Kernel SHAP,770,13.242568492889404
154,SHAP-IQ,770,13.209588766098022
155,STAR-SHAP (5-STAR),820,6.651968002319336
156,Kernel SHAP,820,53.805845975875854
157,Unbiased Kernel SHAP,820,14.063899040222168
158,SHAP-IQ,820,14.133154153823853
159,STAR-SHAP (5-STAR),870,6.627421855926514
160,Kernel SHAP,870,57.456355810165405
161,Unbiased Kernel SHAP,870,15.230878591537476
162,SHAP-IQ,870,15.189519166946411
163,STAR-SHAP (5-STAR),920,6.725240230560303
164,Kernel SHAP,920,54.2318332195282
165,Unbiased Kernel SHAP,920,16.437560319900513
166,SHAP-IQ,920,16.291173696517944
167,STAR-SHAP (5-STAR),970,6.875815153121948
168,Kernel SHAP,970,62.140841007232666
169,Unbiased Kernel SHAP,970,17.329339504241943
170,SHAP-IQ,970,17.36400055885315
171,STAR-SHAP (5-STAR),1020,6.908957242965698
172,Kernel SHAP,1020,70.54204607009888
173,Unbiased Kernel SHAP,1020,18.63260555267334
174,SHAP-IQ,1020,18.621848106384277
175,STAR-SHAP (n-STAR),2,0.13387274742126465
176,SHAP,2,0.07747054100036621
177,Kernel SHAP,2,1.3299560546875
178,Unbiased Kernel SHAP,2,1.322171926498413
179,SHAP-IQ,2,1.303877830505371
180,STAR-SHAP (n-STAR),3,0.2499217987060547
181,SHAP,3,0.08455109596252441
182,Kernel SHAP,3,1.3746626377105713
183,Unbiased Kernel SHAP,3,1.3679172992706299
184,SHAP-IQ,3,1.3762907981872559
185,STAR-SHAP (n-STAR),4,0.4767768383026123
186,SHAP,4,0.09313082695007324
187,Kernel SHAP,4,1.513765811920166
188,Unbiased Kernel SHAP,4,1.5047557353973389
189,SHAP-IQ,4,1.4830570220947266
190,STAR-SHAP (n-STAR),5,0.9365472793579102
191,STAR-SHAP (5-STAR),5,0.9482631683349609
192,SHAP,5,0.10994935035705566
193,Kernel SHAP,5,1.7218067646026611
194,Unbiased Kernel SHAP,5,1.691915512084961
195,SHAP-IQ,5,1.6858038902282715
196,STAR-SHAP (n-STAR),6,1.8888158798217773
197,STAR-SHAP (5-STAR),6,1.364542007446289
198,SHAP,6,0.14554619789123535
199,Kernel SHAP,6,2.2299153804779053
200,Unbiased Kernel SHAP,6,2.138010025024414
201,SHAP-IQ,6,2.1665167808532715
202,STAR-SHAP (n-STAR),7,3.8424651622772217
203,STAR-SHAP (5-STAR),7,2.3186252117156982
204,SHAP,7,0.207841157913208
205,Kernel SHAP,7,2.7512733936309814
206,Unbiased Kernel SHAP,7,2.6710638999938965
207,SHAP-IQ,7,2.657404899597168
208,STAR-SHAP (n-STAR),8,7.77738618850708
209,STAR-SHAP (5-STAR),8,3.488546371459961
210,SHAP,8,0.3803112506866455
211,Kernel SHAP,8,3.023597478866577
212,Unbiased Kernel SHAP,8,2.9323158264160156
213,SHAP-IQ,8,2.9239132404327393
214,STAR-SHAP (n-STAR),9,15.891589641571045
215,STAR-SHAP (5-STAR),9,4.184713363647461
216,SHAP,9,0.6495819091796875
217,Kernel SHAP,9,3.201136827468872
218,Unbiased Kernel SHAP,9,3.0749659538269043
219,SHAP-IQ,9,3.0948221683502197
220,STAR-SHAP (n-STAR),10,32.46176791191101
221,STAR-SHAP (5-STAR),10,4.578746795654297
222,SHAP,10,1.176717758178711
223,Kernel SHAP,10,3.3281733989715576
224,Unbiased Kernel SHAP,10,3.2105212211608887
225,SHAP-IQ,10,3.19877552986145
226,STAR-SHAP (5-STAR),11,4.458299875259399
227,SHAP,11,2.276427984237671
228,Kernel SHAP,11,3.2660610675811768
229,Unbiased Kernel SHAP,11,3.127568006515503
230,SHAP-IQ,11,3.114748239517212
231,STAR-SHAP (5-STAR),12,4.615159034729004
232,SHAP,12,6.921373605728149
233,Kernel SHAP,12,3.4085137844085693
234,Unbiased Kernel SHAP,12,3.2481303215026855
235,SHAP-IQ,12,3.2514476776123047
236,STAR-SHAP (5-STAR),13,4.7582948207855225
237,SHAP,13,21.784316778182983
238,Kernel SHAP,13,3.423510789871216
239,Unbiased Kernel SHAP,13,3.2983524799346924
240,SHAP-IQ,13,3.2768349647521973
241,STAR-SHAP (5-STAR),14,4.7800586223602295
242,SHAP,14,46.31932806968689
243,Kernel SHAP,14,3.4236180782318115
244,Unbiased Kernel SHAP,14,3.2502193450927734
245,SHAP-IQ,14,3.244598150253296
246,STAR-SHAP (5-STAR),15,4.710939645767212
247,Kernel SHAP,15,3.451054811477661
248,Unbiased Kernel SHAP,15,3.2639899253845215
249,SHAP-IQ,15,3.258759021759033
250,STAR-SHAP (5-STAR),16,4.768781423568726
251,Kernel SHAP,16,3.4397501945495605
252,Unbiased Kernel SHAP,16,3.2402451038360596
253,SHAP-IQ,16,3.2398879528045654
254,STAR-SHAP (5-STAR),17,4.7688493728637695
255,Kernel SHAP,17,3.46606183052063
256,Unbiased Kernel SHAP,17,3.270777940750122
257,SHAP-IQ,17,3.259014129638672
258,STAR-SHAP (5-STAR),18,4.783323049545288
259,Kernel SHAP,18,5.543923854827881
260,Unbiased Kernel SHAP,18,3.3226451873779297
261,SHAP-IQ,18,3.297034740447998
262,STAR-SHAP (5-STAR),19,4.798854112625122
263,Kernel SHAP,19,5.575635194778442
264,Unbiased Kernel SHAP,19,3.3359310626983643
265,SHAP-IQ,19,3.2939279079437256
266,STAR-SHAP (5-STAR),20,4.852884292602539
267,Kernel SHAP,20,5.5792882442474365
268,Unbiased Kernel SHAP,20,3.319694995880127
269,SHAP-IQ,20,3.2745909690856934
270,STAR-SHAP (5-STAR),70,4.991813898086548
271,Kernel SHAP,70,6.538235902786255
272,Unbiased Kernel SHAP,70,3.7101027965545654
273,SHAP-IQ,70,3.660905599594116
274,STAR-SHAP (5-STAR),120,5.126016616821289
275,Kernel SHAP,120,14.007495403289795
276,Unbiased Kernel SHAP,120,4.050051689147949
277,SHAP-IQ,120,3.9793193340301514
278,STAR-SHAP (5-STAR),170,5.25827693939209
279,Kernel SHAP,170,20.08930802345276
280,Unbiased Kernel SHAP,170,4.533684968948364
281,SHAP-IQ,170,4.46699070930481
282,STAR-SHAP (5-STAR),220,5.346400499343872
283,Kernel SHAP,220,28.313605546951294
284,Unbiased Kernel SHAP,220,4.953583717346191
285,SHAP-IQ,220,4.928874731063843
286,STAR-SHAP (5-STAR),270,5.440009593963623
287,Kernel SHAP,270,31.261337757110596
288,Unbiased Kernel SHAP,270,5.469370126724243
289,SHAP-IQ,270,5.453579425811768
290,STAR-SHAP (5-STAR),320,5.598197937011719
291,Kernel SHAP,320,44.62215757369995
292,Unbiased Kernel SHAP,320,6.054757833480835
293,SHAP-IQ,320,6.020469427108765
294,STAR-SHAP (5-STAR),370,5.713134527206421
295,Kernel SHAP,370,43.223220348358154
296,Unbiased Kernel SHAP,370,6.643662929534912
297,SHAP-IQ,370,6.646032810211182
298,STAR-SHAP (5-STAR),420,5.809262752532959
299,Kernel SHAP,420,37.731255292892456
300,Unbiased Kernel SHAP,420,7.333544731140137
301,SHAP-IQ,420,7.274734020233154
302,STAR-SHAP (5-STAR),470,5.915000915527344
303,Kernel SHAP,470,36.519237995147705
304,Unbiased Kernel SHAP,470,7.980068683624268
305,SHAP-IQ,470,7.947905540466309
306,STAR-SHAP (5-STAR),520,6.017807483673096
307,Kernel SHAP,520,50.77759552001953
308,Unbiased Kernel SHAP,520,8.799844980239868
309,SHAP-IQ,520,8.686047315597534
310,STAR-SHAP (5-STAR),570,6.100288152694702
311,Kernel SHAP,570,48.46497678756714
312,Unbiased Kernel SHAP,570,9.555408954620361
313,SHAP-IQ,570,9.493754863739014
314,STAR-SHAP (5-STAR),620,6.166675567626953
315,Kernel SHAP,620,45.115596532821655
316,Unbiased Kernel SHAP,620,10.4147310256958
317,SHAP-IQ,620,10.391595125198364
318,STAR-SHAP (5-STAR),670,6.2845704555511475
319,Kernel SHAP,670,52.15455722808838
320,Unbiased Kernel SHAP,670,11.287128448486328
321,SHAP-IQ,670,11.232226133346558
322,STAR-SHAP (5-STAR),720,6.397086143493652
323,Kernel SHAP,720,59.553744077682495
324,Unbiased Kernel SHAP,720,12.202601671218872
325,SHAP-IQ,720,12.124953031539917
326,STAR-SHAP (5-STAR),770,6.496195077896118
327,Kernel SHAP,770,48.12298059463501
328,Unbiased Kernel SHAP,770,13.119715690612793
329,SHAP-IQ,770,13.019784927368164
330,STAR-SHAP (5-STAR),820,6.651123285293579
331,Kernel SHAP,820,58.08515381813049
332,Unbiased Kernel SHAP,820,14.190499305725098
333,SHAP-IQ,820,14.152395725250244
334,STAR-SHAP (5-STAR),870,6.652217149734497
335,Kernel SHAP,870,58.11897134780884
336,Unbiased Kernel SHAP,870,15.265369176864624
337,SHAP-IQ,870,15.184959411621094
338,STAR-SHAP (5-STAR),920,6.761415243148804
339,Kernel SHAP,920,62.53680634498596
340,Unbiased Kernel SHAP,920,16.25968050956726
341,SHAP-IQ,920,16.24093246459961
342,STAR-SHAP (5-STAR),970,6.83030891418457
343,Kernel SHAP,970,56.8553626537323
344,Unbiased Kernel SHAP,970,17.37951636314392
345,SHAP-IQ,970,17.353441953659058
346,STAR-SHAP (5-STAR),1020,6.949544191360474
347,Kernel SHAP,1020,67.31397318840027
348,Unbiased Kernel SHAP,1020,18.54613184928894
349,SHAP-IQ,1020,18.608915328979492
350,STAR-SHAP (n-STAR),2,0.13233327865600586
351,SHAP,2,0.07689404487609863
352,Kernel SHAP,2,1.3204269409179688
353,Unbiased Kernel SHAP,2,1.3002781867980957
354,SHAP-IQ,2,1.3127903938293457
355,STAR-SHAP (n-STAR),3,0.24649930000305176
356,SHAP,3,0.08330297470092773
357,Kernel SHAP,3,1.3744194507598877
358,Unbiased Kernel SHAP,3,1.3756754398345947
359,SHAP-IQ,3,1.3788137435913086
360,STAR-SHAP (n-STAR),4,0.4659886360168457
361,SHAP,4,0.09140396118164062
362,Kernel SHAP,4,1.507274866104126
363,Unbiased Kernel SHAP,4,1.5115940570831299
364,SHAP-IQ,4,1.5047261714935303
365,STAR-SHAP (n-STAR),5,0.9505443572998047
366,STAR-SHAP (5-STAR),5,0.9513194561004639
367,SHAP,5,0.11087560653686523
368,Kernel SHAP,5,1.7252891063690186
369,Unbiased Kernel SHAP,5,1.6890556812286377
370,SHAP-IQ,5,1.6910896301269531
371,STAR-SHAP (n-STAR),6,1.8908843994140625
372,STAR-SHAP (5-STAR),6,1.3737742900848389
373,SHAP,6,0.14536738395690918
374,Kernel SHAP,6,2.2475316524505615
375,Unbiased Kernel SHAP,6,2.1639511585235596
376,SHAP-IQ,6,2.1661155223846436
377,STAR-SHAP (n-STAR),7,3.793255567550659
378,STAR-SHAP (5-STAR),7,2.322768211364746
379,SHAP,7,0.2092573642730713
380,Kernel SHAP,7,2.756359338760376
381,Unbiased Kernel SHAP,7,2.6634011268615723
382,SHAP-IQ,7,2.650038003921509
383,STAR-SHAP (n-STAR),8,7.7390923500061035
384,STAR-SHAP (5-STAR),8,3.518277645111084
385,SHAP,8,0.37909460067749023
386,Kernel SHAP,8,3.052574396133423
387,Unbiased Kernel SHAP,8,2.9220852851867676
388,SHAP-IQ,8,2.939735174179077
389,STAR-SHAP (n-STAR),9,15.67217206954956
390,STAR-SHAP (5-STAR),9,4.19880485534668
391,SHAP,9,0.6552929878234863
392,Kernel SHAP,9,3.2072694301605225
393,Unbiased Kernel SHAP,9,3.0982701778411865
394,SHAP-IQ,9,3.090463638305664
395,STAR-SHAP (n-STAR),10,32.1495361328125
396,STAR-SHAP (5-STAR),10,4.5965657234191895
397,SHAP,10,1.1804580688476562
398,Kernel SHAP,10,3.3176329135894775
399,Unbiased Kernel SHAP,10,3.1686930656433105
400,SHAP-IQ,10,3.1874921321868896
401,STAR-SHAP (5-STAR),11,4.446167707443237
402,SHAP,11,2.1708755493164062
403,Kernel SHAP,11,3.223562717437744
404,Unbiased Kernel SHAP,11,3.0905022621154785
405,SHAP-IQ,11,3.0882339477539062
406,STAR-SHAP (5-STAR),12,4.626729488372803
407,SHAP,12,6.884860277175903
408,Kernel SHAP,12,3.4043755531311035
409,Unbiased Kernel SHAP,12,3.243452787399292
410,SHAP-IQ,12,3.267974853515625
411,STAR-SHAP (5-STAR),13,4.758634090423584
412,SHAP,13,21.750219345092773
413,Kernel SHAP,13,3.4326577186584473
414,Unbiased Kernel SHAP,13,3.271641254425049
415,SHAP-IQ,13,3.2734861373901367
416,STAR-SHAP (5-STAR),14,4.794731140136719
417,SHAP,14,46.29581069946289
418,Kernel SHAP,14,3.472673177719116
419,Unbiased Kernel SHAP,14,3.303709030151367
420,SHAP-IQ,14,3.2836437225341797
421,STAR-SHAP (5-STAR),15,4.747145175933838
422,Kernel SHAP,15,3.467747926712036
423,Unbiased Kernel SHAP,15,3.300032377243042
424,SHAP-IQ,15,3.290804147720337
425,STAR-SHAP (5-STAR),16,4.776172161102295
426,Kernel SHAP,16,3.465461492538452
427,Unbiased Kernel SHAP,16,3.2512569427490234
428,SHAP-IQ,16,3.2765510082244873
429,STAR-SHAP (5-STAR),17,4.788201570510864
430,Kernel SHAP,17,3.4953577518463135
431,Unbiased Kernel SHAP,17,3.2874467372894287
432,SHAP-IQ,17,3.2897396087646484
433,STAR-SHAP (5-STAR),18,4.817391633987427
434,Kernel SHAP,18,5.50748610496521
435,Unbiased Kernel SHAP,18,3.3303215503692627
436,SHAP-IQ,18,3.2706751823425293
437,STAR-SHAP (5-STAR),19,4.79865837097168
438,Kernel SHAP,19,5.538825988769531
439,Unbiased Kernel SHAP,19,3.333913564682007
440,SHAP-IQ,19,3.310309886932373
441,STAR-SHAP (5-STAR),20,4.795267343521118
442,Kernel SHAP,20,5.58946418762207
443,Unbiased Kernel SHAP,20,3.3398821353912354
444,SHAP-IQ,20,3.3137683868408203
445,STAR-SHAP (5-STAR),70,4.929940700531006
446,Kernel SHAP,70,6.451681137084961
447,Unbiased Kernel SHAP,70,3.7015726566314697
448,SHAP-IQ,70,3.6861870288848877
449,STAR-SHAP (5-STAR),120,5.113694429397583
450,Kernel SHAP,120,14.53172516822815
451,Unbiased Kernel SHAP,120,4.087956666946411
452,SHAP-IQ,120,4.018482208251953
453,STAR-SHAP (5-STAR),170,5.2261412143707275
454,Kernel SHAP,170,20.183297157287598
455,Unbiased Kernel SHAP,170,4.537577152252197
456,SHAP-IQ,170,4.510309457778931
457,STAR-SHAP (5-STAR),220,5.325394868850708
458,Kernel SHAP,220,28.463384866714478
459,Unbiased Kernel SHAP,220,4.976160287857056
460,SHAP-IQ,220,4.944057941436768
461,STAR-SHAP (5-STAR),270,5.462043046951294
462,Kernel SHAP,270,31.325735330581665
463,Unbiased Kernel SHAP,270,5.4928138256073
464,SHAP-IQ,270,5.429005861282349
465,STAR-SHAP (5-STAR),320,5.5925140380859375
466,Kernel SHAP,320,40.49309182167053
467,Unbiased Kernel SHAP,320,6.083415508270264
468,SHAP-IQ,320,6.090200424194336
469,STAR-SHAP (5-STAR),370,5.70207953453064
470,Kernel SHAP,370,40.72738218307495
471,Unbiased Kernel SHAP,370,6.59239387512207
472,SHAP-IQ,370,6.58445405960083
473,STAR-SHAP (5-STAR),420,5.832567930221558
474,Kernel SHAP,420,42.1625292301178
475,Unbiased Kernel SHAP,420,7.366448879241943
476,SHAP-IQ,420,7.3264381885528564
477,STAR-SHAP (5-STAR),470,5.8869853019714355
478,Kernel SHAP,470,55.93312692642212
479,Unbiased Kernel SHAP,470,8.016408681869507
480,SHAP-IQ,470,7.984741926193237
481,STAR-SHAP (5-STAR),520,6.0010504722595215
482,Kernel SHAP,520,47.41718935966492
483,Unbiased Kernel SHAP,520,8.777784585952759
484,SHAP-IQ,520,8.744755744934082
485,STAR-SHAP (5-STAR),570,6.091568946838379
486,Kernel SHAP,570,49.84822416305542
487,Unbiased Kernel SHAP,570,9.609660148620605
488,SHAP-IQ,570,9.548316240310669
489,STAR-SHAP (5-STAR),620,6.188290119171143
490,Kernel SHAP,620,46.68808078765869
491,Unbiased Kernel SHAP,620,10.424676895141602
492,SHAP-IQ,620,10.388607501983643
493,STAR-SHAP (5-STAR),670,6.265573024749756
494,Kernel SHAP,670,57.45166492462158
495,Unbiased Kernel SHAP,670,11.207392692565918
496,SHAP-IQ,670,11.240915298461914
497,STAR-SHAP (5-STAR),720,6.367047548294067
498,Kernel SHAP,720,55.83002018928528
499,Unbiased Kernel SHAP,720,12.170571565628052
500,SHAP-IQ,720,12.139074325561523
501,STAR-SHAP (5-STAR),770,6.4653284549713135
502,Kernel SHAP,770,61.39686942100525
503,Unbiased Kernel SHAP,770,13.120866537094116
504,SHAP-IQ,770,13.067631721496582
505,STAR-SHAP (5-STAR),820,6.654505014419556
506,Kernel SHAP,820,56.841817140579224
507,Unbiased Kernel SHAP,820,14.31677532196045
508,SHAP-IQ,820,14.160526990890503
509,STAR-SHAP (5-STAR),870,6.647806167602539
510,Kernel SHAP,870,61.38010382652283
511,Unbiased Kernel SHAP,870,15.160520553588867
512,SHAP-IQ,870,15.105620384216309
513,STAR-SHAP (5-STAR),920,6.726891279220581
514,Kernel SHAP,920,60.263497829437256
515,Unbiased Kernel SHAP,920,16.274606704711914
516,SHAP-IQ,920,16.216801643371582
517,STAR-SHAP (5-STAR),970,6.82755446434021
518,Kernel SHAP,970,68.38934350013733
519,Unbiased Kernel SHAP,970,17.395561933517456
520,SHAP-IQ,970,17.359363079071045
521,STAR-SHAP (5-STAR),1020,6.923334121704102
522,Kernel SHAP,1020,62.17717790603638
523,Unbiased Kernel SHAP,1020,18.671865463256836
524,SHAP-IQ,1020,18.596630096435547
525,STAR-SHAP (n-STAR),2,0.13116717338562012
526,SHAP,2,0.07671856880187988
527,Kernel SHAP,2,1.3080542087554932
528,Unbiased Kernel SHAP,2,1.3120908737182617
529,SHAP-IQ,2,1.2910652160644531
530,STAR-SHAP (n-STAR),3,0.2441878318786621
531,SHAP,3,0.0840599536895752
532,Kernel SHAP,3,1.3535871505737305
533,Unbiased Kernel SHAP,3,1.3492469787597656
534,SHAP-IQ,3,1.344054937362671
535,STAR-SHAP (n-STAR),4,0.46152687072753906
536,SHAP,4,0.09255027770996094
537,Kernel SHAP,4,1.4818072319030762
538,Unbiased Kernel SHAP,4,1.4689695835113525
539,SHAP-IQ,4,1.4591140747070312
540,STAR-SHAP (n-STAR),5,0.9329864978790283
541,STAR-SHAP (5-STAR),5,0.9281575679779053
542,SHAP,5,0.11005139350891113
543,Kernel SHAP,5,1.7044792175292969
544,Unbiased Kernel SHAP,5,1.6697189807891846
545,SHAP-IQ,5,1.6872859001159668
546,STAR-SHAP (n-STAR),6,1.868004322052002
547,STAR-SHAP (5-STAR),6,1.356645107269287
548,SHAP,6,0.14509272575378418
549,Kernel SHAP,6,2.2368109226226807
550,Unbiased Kernel SHAP,6,2.151533603668213
551,SHAP-IQ,6,2.1477580070495605
552,STAR-SHAP (n-STAR),7,3.7700302600860596
553,STAR-SHAP (5-STAR),7,2.3097031116485596
554,SHAP,7,0.2048053741455078
555,Kernel SHAP,7,2.730668783187866
556,Unbiased Kernel SHAP,7,2.630542278289795
557,SHAP-IQ,7,2.6471617221832275
558,STAR-SHAP (n-STAR),8,7.696223735809326
559,STAR-SHAP (5-STAR),8,3.4793219566345215
560,SHAP,8,0.37668681144714355
561,Kernel SHAP,8,3.020108461380005
562,Unbiased Kernel SHAP,8,2.9128901958465576
563,SHAP-IQ,8,2.908622980117798
564,STAR-SHAP (n-STAR),9,15.641201972961426
565,STAR-SHAP (5-STAR),9,4.153165102005005
566,SHAP,9,0.6443912982940674
567,Kernel SHAP,9,3.1847362518310547
568,Unbiased Kernel SHAP,9,3.0408124923706055
569,SHAP-IQ,9,3.067371368408203
570,STAR-SHAP (n-STAR),10,31.54887557029724
571,STAR-SHAP (5-STAR),10,4.559185981750488
572,SHAP,10,1.172553539276123
573,Kernel SHAP,10,3.2963991165161133
574,Unbiased Kernel SHAP,10,3.235853910446167
575,SHAP-IQ,10,3.1684165000915527
576,STAR-SHAP (5-STAR),11,4.455204963684082
577,SHAP,11,2.2275445461273193
578,Kernel SHAP,11,3.2575244903564453
579,Unbiased Kernel SHAP,11,3.130701780319214
580,SHAP-IQ,11,3.1181180477142334
581,STAR-SHAP (5-STAR),12,4.622628211975098
582,SHAP,12,6.8189051151275635
583,Kernel SHAP,12,3.410200834274292
584,Unbiased Kernel SHAP,12,3.2519383430480957
585,SHAP-IQ,12,3.25525164604187
586,STAR-SHAP (5-STAR),13,4.774238348007202
587,SHAP,13,21.586127519607544
588,Kernel SHAP,13,3.4141745567321777
589,Unbiased Kernel SHAP,13,3.2483553886413574
590,SHAP-IQ,13,3.261343240737915
591,STAR-SHAP (5-STAR),14,4.758584022521973
592,SHAP,14,46.271353244781494
593,Kernel SHAP,14,3.4384965896606445
594,Unbiased Kernel SHAP,14,3.2690670490264893
595,SHAP-IQ,14,3.253739595413208
596,STAR-SHAP (5-STAR),15,4.701615571975708
597,Kernel SHAP,15,3.454728841781616
598,Unbiased Kernel SHAP,15,3.2805495262145996
599,SHAP-IQ,15,3.2758729457855225
600,STAR-SHAP (5-STAR),16,4.755736589431763
601,Kernel SHAP,16,3.4739906787872314
602,Unbiased Kernel SHAP,16,3.2847368717193604
603,SHAP-IQ,16,3.277531862258911
604,STAR-SHAP (5-STAR),17,4.790863990783691
605,Kernel SHAP,17,3.521149158477783
606,Unbiased Kernel SHAP,17,3.308532476425171
607,SHAP-IQ,17,3.327798366546631
608,STAR-SHAP (5-STAR),18,4.82983136177063
609,Kernel SHAP,18,5.513442039489746
610,Unbiased Kernel SHAP,18,3.2965738773345947
611,SHAP-IQ,18,3.241976499557495
612,STAR-SHAP (5-STAR),19,4.7762439250946045
613,Kernel SHAP,19,5.549448251724243
614,Unbiased Kernel SHAP,19,3.308661460876465
615,SHAP-IQ,19,3.289767026901245
616,STAR-SHAP (5-STAR),20,4.826889276504517
617,Kernel SHAP,20,5.536107540130615
618,Unbiased Kernel SHAP,20,3.3553507328033447
619,SHAP-IQ,20,3.2895667552948
620,STAR-SHAP (5-STAR),70,5.0466907024383545
621,Kernel SHAP,70,6.3826539516448975
622,Unbiased Kernel SHAP,70,3.6664018630981445
623,SHAP-IQ,70,3.6352219581604004
624,STAR-SHAP (5-STAR),120,5.104530572891235
625,Kernel SHAP,120,12.966947317123413
626,Unbiased Kernel SHAP,120,4.0902323722839355
627,SHAP-IQ,120,4.025602340698242
628,STAR-SHAP (5-STAR),170,5.373522043228149
629,Kernel SHAP,170,19.08365535736084
630,Unbiased Kernel SHAP,170,4.505890130996704
631,SHAP-IQ,170,4.461974382400513
632,STAR-SHAP (5-STAR),220,5.319443464279175
633,Kernel SHAP,220,25.995781898498535
634,Unbiased Kernel SHAP,220,4.9509100914001465
635,SHAP-IQ,220,4.907614707946777
636,STAR-SHAP (5-STAR),270,5.45415186882019
637,Kernel SHAP,270,27.176803588867188
638,Unbiased Kernel SHAP,270,5.5002171993255615
639,SHAP-IQ,270,5.459906816482544
640,STAR-SHAP (5-STAR),320,5.713514566421509
641,Kernel SHAP,320,39.573342084884644
642,Unbiased Kernel SHAP,320,6.038884401321411
643,SHAP-IQ,320,6.003005743026733
644,STAR-SHAP (5-STAR),370,5.730705499649048
645,Kernel SHAP,370,46.28484511375427
646,Unbiased Kernel SHAP,370,6.646155834197998
647,SHAP-IQ,370,6.60441780090332
648,STAR-SHAP (5-STAR),420,5.811636447906494
649,Kernel SHAP,420,49.89760994911194
650,Unbiased Kernel SHAP,420,7.3104918003082275
651,SHAP-IQ,420,7.288131475448608
652,STAR-SHAP (5-STAR),470,5.896165370941162
653,Kernel SHAP,470,37.68084788322449
654,Unbiased Kernel SHAP,470,8.030564785003662
655,SHAP-IQ,470,8.021021366119385
656,STAR-SHAP (5-STAR),520,6.013085603713989
657,Kernel SHAP,520,44.11712670326233
658,Unbiased Kernel SHAP,520,8.802015542984009
659,SHAP-IQ,520,8.764080286026001
660,STAR-SHAP (5-STAR),570,6.083719730377197
661,Kernel SHAP,570,56.00784945487976
662,Unbiased Kernel SHAP,570,9.584702968597412
663,SHAP-IQ,570,9.574190139770508
664,STAR-SHAP (5-STAR),620,6.2399187088012695
665,Kernel SHAP,620,57.180285930633545
666,Unbiased Kernel SHAP,620,10.503272294998169
667,SHAP-IQ,620,10.40300726890564
668,STAR-SHAP (5-STAR),670,6.275456428527832
669,Kernel SHAP,670,50.87221050262451
670,Unbiased Kernel SHAP,670,11.266968250274658
671,SHAP-IQ,670,11.208303213119507
672,STAR-SHAP (5-STAR),720,6.356834650039673
673,Kernel SHAP,720,48.680702924728394
674,Unbiased Kernel SHAP,720,12.177245616912842
675,SHAP-IQ,720,12.114976167678833
676,STAR-SHAP (5-STAR),770,6.46653151512146
677,Kernel SHAP,770,63.355061531066895
678,Unbiased Kernel SHAP,770,13.15706181526184
679,SHAP-IQ,770,13.134330034255981
680,STAR-SHAP (5-STAR),820,6.658750772476196
681,Kernel SHAP,820,59.342251777648926
682,Unbiased Kernel SHAP,820,14.169413089752197
683,SHAP-IQ,820,14.126620531082153
684,STAR-SHAP (5-STAR),870,6.6029253005981445
685,Kernel SHAP,870,58.11436891555786
686,Unbiased Kernel SHAP,870,15.221573114395142
687,SHAP-IQ,870,15.143136739730835
688,STAR-SHAP (5-STAR),920,6.6753809452056885
689,Kernel SHAP,920,62.90183472633362
690,Unbiased Kernel SHAP,920,16.25469446182251
691,SHAP-IQ,920,16.182730197906494
692,STAR-SHAP (5-STAR),970,6.897961616516113
693,Kernel SHAP,970,66.34203600883484
694,Unbiased Kernel SHAP,970,17.40041947364807
695,SHAP-IQ,970,17.43927311897278
696,STAR-SHAP (5-STAR),1020,6.962225914001465
697,Kernel SHAP,1020,62.60505819320679
698,Unbiased Kernel SHAP,1020,18.607160568237305
699,SHAP-IQ,1020,18.56090521812439
700,STAR-SHAP (n-STAR),2,0.1311647891998291
701,SHAP,2,0.07695484161376953
702,Kernel SHAP,2,1.323819875717163
703,Unbiased Kernel SHAP,2,1.3193237781524658
704,SHAP-IQ,2,1.2979421615600586
705,STAR-SHAP (n-STAR),3,0.24416422843933105
706,SHAP,3,0.08274483680725098
707,Kernel SHAP,3,1.350001573562622
708,Unbiased Kernel SHAP,3,1.34505295753479
709,SHAP-IQ,3,1.3512420654296875
710,STAR-SHAP (n-STAR),4,0.4730846881866455
711,SHAP,4,0.09227252006530762
712,Kernel SHAP,4,1.47873854637146
713,Unbiased Kernel SHAP,4,1.4686706066131592
714,SHAP-IQ,4,1.4704465866088867
715,STAR-SHAP (n-STAR),5,0.9334516525268555
716,STAR-SHAP (5-STAR),5,0.9352202415466309
717,SHAP,5,0.10959267616271973
718,Kernel SHAP,5,1.7146987915039062
719,Unbiased Kernel SHAP,5,1.6630868911743164
720,SHAP-IQ,5,1.6829047203063965
721,STAR-SHAP (n-STAR),6,1.8600966930389404
722,STAR-SHAP (5-STAR),6,1.3536770343780518
723,SHAP,6,0.14494991302490234
724,Kernel SHAP,6,2.224806785583496
725,Unbiased Kernel SHAP,6,2.1390607357025146
726,SHAP-IQ,6,2.1305031776428223
727,STAR-SHAP (n-STAR),7,3.812488079071045
728,STAR-SHAP (5-STAR),7,2.3156843185424805
729,SHAP,7,0.2077326774597168
730,Kernel SHAP,7,2.7252554893493652
731,Unbiased Kernel SHAP,7,2.6298980712890625
732,SHAP-IQ,7,2.609452724456787
733,STAR-SHAP (n-STAR),8,7.688272953033447
734,STAR-SHAP (5-STAR),8,3.4681246280670166
735,SHAP,8,0.3713204860687256
736,Kernel SHAP,8,3.0189430713653564
737,Unbiased Kernel SHAP,8,2.9229183197021484
738,SHAP-IQ,8,2.9197733402252197
739,STAR-SHAP (n-STAR),9,15.568590641021729
740,STAR-SHAP (5-STAR),9,4.1626927852630615
741,SHAP,9,0.6465175151824951
742,Kernel SHAP,9,3.1440703868865967
743,Unbiased Kernel SHAP,9,3.0255961418151855
744,SHAP-IQ,9,3.0256924629211426
745,STAR-SHAP (n-STAR),10,31.81942367553711
746,STAR-SHAP (5-STAR),10,4.629896640777588
747,SHAP,10,1.1721715927124023
748,Kernel SHAP,10,3.275667428970337
749,Unbiased Kernel SHAP,10,3.140803813934326
750,SHAP-IQ,10,3.142796516418457
751,STAR-SHAP (5-STAR),11,4.497360706329346
752,SHAP,11,2.257181406021118
753,Kernel SHAP,11,3.2339706420898438
754,Unbiased Kernel SHAP,11,3.0867724418640137
755,SHAP-IQ,11,3.07391357421875
756,STAR-SHAP (5-STAR),12,4.61275315284729
757,SHAP,12,6.961310386657715
758,Kernel SHAP,12,3.3934619426727295
759,Unbiased Kernel SHAP,12,3.2557640075683594
760,SHAP-IQ,12,3.2489430904388428
761,STAR-SHAP (5-STAR),13,4.750288724899292
762,SHAP,13,21.665602207183838
763,Kernel SHAP,13,3.356276512145996
764,Unbiased Kernel SHAP,13,3.21523380279541
765,SHAP-IQ,13,3.2175066471099854
766,STAR-SHAP (5-STAR),14,4.736095428466797
767,SHAP,14,46.099169969558716
768,Kernel SHAP,14,3.4045462608337402
769,Unbiased Kernel SHAP,14,3.2357125282287598
770,SHAP-IQ,14,3.241786241531372
771,STAR-SHAP (5-STAR),15,4.701196670532227
772,Kernel SHAP,15,3.394198179244995
773,Unbiased Kernel SHAP,15,3.2303876876831055
774,SHAP-IQ,15,3.2302470207214355
775,STAR-SHAP (5-STAR),16,4.769794940948486
776,Kernel SHAP,16,3.4264566898345947
777,Unbiased Kernel SHAP,16,3.253502368927002
778,SHAP-IQ,16,3.2466609477996826
779,STAR-SHAP (5-STAR),17,4.7811198234558105
780,Kernel SHAP,17,3.464498996734619
781,Unbiased Kernel SHAP,17,3.2811501026153564
782,SHAP-IQ,17,3.2666733264923096
783,STAR-SHAP (5-STAR),18,4.790762901306152
784,Kernel SHAP,18,5.540725946426392
785,Unbiased Kernel SHAP,18,3.3072729110717773
786,SHAP-IQ,18,3.261165142059326
787,STAR-SHAP (5-STAR),19,4.771028280258179
788,Kernel SHAP,19,5.496360778808594
789,Unbiased Kernel SHAP,19,3.3056278228759766
790,SHAP-IQ,19,3.271937847137451
791,STAR-SHAP (5-STAR),20,4.7786865234375
792,Kernel SHAP,20,5.496203422546387
793,Unbiased Kernel SHAP,20,3.32784104347229
794,SHAP-IQ,20,3.2781567573547363
795,STAR-SHAP (5-STAR),70,4.962184429168701
796,Kernel SHAP,70,6.444291591644287
797,Unbiased Kernel SHAP,70,3.6865553855895996
798,SHAP-IQ,70,3.645224094390869
799,STAR-SHAP (5-STAR),120,5.106649875640869
800,Kernel SHAP,120,14.023731231689453
801,Unbiased Kernel SHAP,120,4.083940029144287
802,SHAP-IQ,120,4.0126800537109375
803,STAR-SHAP (5-STAR),170,5.195952415466309
804,Kernel SHAP,170,19.677407264709473
805,Unbiased Kernel SHAP,170,4.505453824996948
806,SHAP-IQ,170,4.461416244506836
807,STAR-SHAP (5-STAR),220,5.359663009643555
808,Kernel SHAP,220,27.945637464523315
809,Unbiased Kernel SHAP,220,4.956923007965088
810,SHAP-IQ,220,4.90487265586853
811,STAR-SHAP (5-STAR),270,5.4669084548950195
812,Kernel SHAP,270,31.682343006134033
813,Unbiased Kernel SHAP,270,5.472697496414185
814,SHAP-IQ,270,5.48159122467041
815,STAR-SHAP (5-STAR),320,5.583929777145386
816,Kernel SHAP,320,39.632285594940186
817,Unbiased Kernel SHAP,320,6.069118499755859
818,SHAP-IQ,320,6.00182580947876
819,STAR-SHAP (5-STAR),370,5.726538181304932
820,Kernel SHAP,370,41.37781286239624
821,Unbiased Kernel SHAP,370,6.667103290557861
822,SHAP-IQ,370,6.59716796875
823,STAR-SHAP (5-STAR),420,5.817188024520874
824,Kernel SHAP,420,45.64458775520325
825,Unbiased Kernel SHAP,420,7.269320249557495
826,SHAP-IQ,420,7.250707626342773
827,STAR-SHAP (5-STAR),470,5.986344337463379
828,Kernel SHAP,470,56.088255882263184
829,Unbiased Kernel SHAP,470,7.9629058837890625
830,SHAP-IQ,470,7.939050674438477
831,STAR-SHAP (5-STAR),520,5.985059022903442
832,Kernel SHAP,520,58.11954975128174
833,Unbiased Kernel SHAP,520,8.77184772491455
834,SHAP-IQ,520,8.726812601089478
835,STAR-SHAP (5-STAR),570,6.107712268829346
836,Kernel SHAP,570,61.19002294540405
837,Unbiased Kernel SHAP,570,9.585315942764282
838,SHAP-IQ,570,9.54007363319397
839,STAR-SHAP (5-STAR),620,6.209736585617065
840,Kernel SHAP,620,57.984662771224976
841,Unbiased Kernel SHAP,620,10.467427253723145
842,SHAP-IQ,620,10.401028156280518
843,STAR-SHAP (5-STAR),670,6.27437424659729
844,Kernel SHAP,670,44.4533212184906
845,Unbiased Kernel SHAP,670,11.279447793960571
846,SHAP-IQ,670,11.23423147201538
847,STAR-SHAP (5-STAR),720,6.37887167930603
848,Kernel SHAP,720,53.707332372665405
849,Unbiased Kernel SHAP,720,12.137343645095825
850,SHAP-IQ,720,12.084952116012573
851,STAR-SHAP (5-STAR),770,6.489691734313965
852,Kernel SHAP,770,68.16027760505676
853,Unbiased Kernel SHAP,770,13.127590894699097
854,SHAP-IQ,770,13.103370428085327
855,STAR-SHAP (5-STAR),820,6.674041032791138
856,Kernel SHAP,820,63.25055694580078
857,Unbiased Kernel SHAP,820,14.059706687927246
858,SHAP-IQ,820,14.01793909072876
859,STAR-SHAP (5-STAR),870,6.662984848022461
860,Kernel SHAP,870,58.88947033882141
861,Unbiased Kernel SHAP,870,15.194876670837402
862,SHAP-IQ,870,15.144017219543457
863,STAR-SHAP (5-STAR),920,6.77416205406189
864,Kernel SHAP,920,55.00818848609924
865,Unbiased Kernel SHAP,920,16.282520532608032
866,SHAP-IQ,920,16.276625394821167
867,STAR-SHAP (5-STAR),970,6.8503851890563965
868,Kernel SHAP,970,61.22325801849365
869,Unbiased Kernel SHAP,970,17.413039684295654
870,SHAP-IQ,970,17.325122594833374
871,STAR-SHAP (5-STAR),1020,6.905587196350098
872,Kernel SHAP,1020,51.32787489891052
873,Unbiased Kernel SHAP,1020,18.591047286987305
874,SHAP-IQ,1020,18.585355281829834
875,STAR-SHAP (n-STAR),2,0.12945771217346191
876,SHAP,2,0.07736754417419434
877,Kernel SHAP,2,1.3020572662353516
878,Unbiased Kernel SHAP,2,1.3033838272094727
879,SHAP-IQ,2,1.2935895919799805
880,STAR-SHAP (n-STAR),3,0.24386119842529297
881,SHAP,3,0.08361673355102539
882,Kernel SHAP,3,1.3521203994750977
883,Unbiased Kernel SHAP,3,1.354224681854248
884,SHAP-IQ,3,1.341029405593872
885,STAR-SHAP (n-STAR),4,0.4684116840362549
886,SHAP,4,0.09183955192565918
887,Kernel SHAP,4,1.481696367263794
888,Unbiased Kernel SHAP,4,1.4626376628875732
889,SHAP-IQ,4,1.4605262279510498
890,STAR-SHAP (n-STAR),5,0.9334383010864258
891,STAR-SHAP (5-STAR),5,0.9372739791870117
892,SHAP,5,0.10987067222595215
893,Kernel SHAP,5,1.7051551342010498
894,Unbiased Kernel SHAP,5,1.68399977684021
895,SHAP-IQ,5,1.6780529022216797
896,STAR-SHAP (n-STAR),6,1.8644788265228271
897,STAR-SHAP (5-STAR),6,1.3742287158966064
898,SHAP,6,0.1457822322845459
899,Kernel SHAP,6,2.2226147651672363
900,Unbiased Kernel SHAP,6,2.1309685707092285
901,SHAP-IQ,6,2.1334121227264404
902,STAR-SHAP (n-STAR),7,3.7786996364593506
903,STAR-SHAP (5-STAR),7,2.3303325176239014
904,SHAP,7,0.20886826515197754
905,Kernel SHAP,7,2.7160589694976807
906,Unbiased Kernel SHAP,7,2.6080524921417236
907,SHAP-IQ,7,2.6154725551605225
908,STAR-SHAP (n-STAR),8,7.765990734100342
909,STAR-SHAP (5-STAR),8,3.4621381759643555
910,SHAP,8,0.37471461296081543
911,Kernel SHAP,8,2.9985597133636475
912,Unbiased Kernel SHAP,8,2.8734688758850098
913,SHAP-IQ,8,2.878232479095459
914,STAR-SHAP (n-STAR),9,15.50691819190979
915,STAR-SHAP (5-STAR),9,4.187466859817505
916,SHAP,9,0.6475520133972168
917,Kernel SHAP,9,3.1332709789276123
918,Unbiased Kernel SHAP,9,3.0240225791931152
919,SHAP-IQ,9,3.0278220176696777
920,STAR-SHAP (n-STAR),10,31.810598134994507
921,STAR-SHAP (5-STAR),10,4.646399736404419
922,SHAP,10,1.1759679317474365
923,Kernel SHAP,10,3.262434959411621
924,Unbiased Kernel SHAP,10,3.1133203506469727
925,SHAP-IQ,10,3.124424695968628
926,STAR-SHAP (5-STAR),11,4.475940942764282
927,SHAP,11,2.1783764362335205
928,Kernel SHAP,11,3.187145233154297
929,Unbiased Kernel SHAP,11,3.057802677154541
930,SHAP-IQ,11,3.056286334991455
931,STAR-SHAP (5-STAR),12,4.60172700881958
932,SHAP,12,7.251369953155518
933,Kernel SHAP,12,3.334453582763672
934,Unbiased Kernel SHAP,12,3.193714141845703
935,SHAP-IQ,12,3.1823434829711914
936,STAR-SHAP (5-STAR),13,4.758882284164429
937,SHAP,13,21.748674392700195
938,Kernel SHAP,13,3.389456033706665
939,Unbiased Kernel SHAP,13,3.2178738117218018
940,SHAP-IQ,13,3.22963547706604
941,STAR-SHAP (5-STAR),14,4.753084421157837
942,SHAP,14,46.43580508232117
943,Kernel SHAP,14,3.395264148712158
944,Unbiased Kernel SHAP,14,3.222337484359741
945,SHAP-IQ,14,3.230379104614258
946,STAR-SHAP (5-STAR),15,4.724398851394653
947,Kernel SHAP,15,3.4358317852020264
948,Unbiased Kernel SHAP,15,3.2663207054138184
949,SHAP-IQ,15,3.3085548877716064
950,STAR-SHAP (5-STAR),16,4.75937557220459
951,Kernel SHAP,16,3.4309327602386475
952,Unbiased Kernel SHAP,16,3.2404732704162598
953,SHAP-IQ,16,3.2345378398895264
954,STAR-SHAP (5-STAR),17,4.773842811584473
955,Kernel SHAP,17,3.4757301807403564
956,Unbiased Kernel SHAP,17,3.257425546646118
957,SHAP-IQ,17,3.2714037895202637
958,STAR-SHAP (5-STAR),18,4.7865447998046875
959,Kernel SHAP,18,5.460749864578247
960,Unbiased Kernel SHAP,18,3.275104522705078
961,SHAP-IQ,18,3.2295122146606445
962,STAR-SHAP (5-STAR),19,4.785553693771362
963,Kernel SHAP,19,5.5621113777160645
964,Unbiased Kernel SHAP,19,3.3465206623077393
965,SHAP-IQ,19,3.289419174194336
966,STAR-SHAP (5-STAR),20,4.800470590591431
967,Kernel SHAP,20,5.509159803390503
968,Unbiased Kernel SHAP,20,3.2942326068878174
969,SHAP-IQ,20,3.254889488220215
970,STAR-SHAP (5-STAR),70,4.959058046340942
971,Kernel SHAP,70,6.2516865730285645
972,Unbiased Kernel SHAP,70,3.6368956565856934
973,SHAP-IQ,70,3.602308988571167
974,STAR-SHAP (5-STAR),120,5.080750465393066
975,Kernel SHAP,120,13.705344915390015
976,Unbiased Kernel SHAP,120,4.002681255340576
977,SHAP-IQ,120,3.9800589084625244
978,STAR-SHAP (5-STAR),170,5.200310945510864
979,Kernel SHAP,170,20.52183437347412
980,Unbiased Kernel SHAP,170,4.521437406539917
981,SHAP-IQ,170,4.471238613128662
982,STAR-SHAP (5-STAR),220,5.40083909034729
983,Kernel SHAP,220,25.69015908241272
984,Unbiased Kernel SHAP,220,4.96401309967041
985,SHAP-IQ,220,4.896553039550781
986,STAR-SHAP (5-STAR),270,5.513420104980469
987,Kernel SHAP,270,31.445778131484985
988,Unbiased Kernel SHAP,270,5.4784276485443115
989,SHAP-IQ,270,5.4809300899505615
990,STAR-SHAP (5-STAR),320,5.578345060348511
991,Kernel SHAP,320,37.14223384857178
992,Unbiased Kernel SHAP,320,6.039149045944214
993,SHAP-IQ,320,5.991763114929199
994,STAR-SHAP (5-STAR),370,5.7092673778533936
995,Kernel SHAP,370,41.305503129959106
996,Unbiased Kernel SHAP,370,6.629238605499268
997,SHAP-IQ,370,6.626743316650391
998,STAR-SHAP (5-STAR),420,5.843921661376953
999,Kernel SHAP,420,38.28781723976135
1000,Unbiased Kernel SHAP,420,7.263569593429565
1001,SHAP-IQ,420,7.26073431968689
1002,STAR-SHAP (5-STAR),470,5.9309608936309814
1003,Kernel SHAP,470,34.47025227546692
1004,Unbiased Kernel SHAP,470,7.9754579067230225
1005,SHAP-IQ,470,7.917123794555664
1006,STAR-SHAP (5-STAR),520,5.992156267166138
1007,Kernel SHAP,520,47.87984538078308
1008,Unbiased Kernel SHAP,520,8.760790824890137
1009,SHAP-IQ,520,8.757387161254883
1010,STAR-SHAP (5-STAR),570,6.125100135803223
1011,Kernel SHAP,570,53.53629231452942
1012,Unbiased Kernel SHAP,570,9.599452257156372
1013,SHAP-IQ,570,9.531431198120117
1014,STAR-SHAP (5-STAR),620,6.18974757194519
1015,Kernel SHAP,620,49.10858869552612
1016,Unbiased Kernel SHAP,620,10.37633490562439
1017,SHAP-IQ,620,10.344784021377563
1018,STAR-SHAP (5-STAR),670,6.282188892364502
1019,Kernel SHAP,670,47.757739782333374
1020,Unbiased Kernel SHAP,670,11.302776336669922
1021,SHAP-IQ,670,11.2230966091156
1022,STAR-SHAP (5-STAR),720,6.4087371826171875
1023,Kernel SHAP,720,56.295777559280396
1024,Unbiased Kernel SHAP,720,12.183208465576172
1025,SHAP-IQ,720,12.190254211425781
1026,STAR-SHAP (5-STAR),770,6.473812103271484
1027,Kernel SHAP,770,58.507054567337036
1028,Unbiased Kernel SHAP,770,13.14605975151062
1029,SHAP-IQ,770,13.094557285308838
1030,STAR-SHAP (5-STAR),820,6.588129758834839
1031,Kernel SHAP,820,58.608808517456055
1032,Unbiased Kernel SHAP,820,14.167708158493042
1033,SHAP-IQ,820,14.198588609695435
1034,STAR-SHAP (5-STAR),870,6.654939651489258
1035,Kernel SHAP,870,58.38893485069275
1036,Unbiased Kernel SHAP,870,15.183692693710327
1037,SHAP-IQ,870,15.1669340133667
1038,STAR-SHAP (5-STAR),920,6.690845966339111
1039,Kernel SHAP,920,60.95226454734802
1040,Unbiased Kernel SHAP,920,16.357691526412964
1041,SHAP-IQ,920,16.2788143157959
1042,STAR-SHAP (5-STAR),970,6.798102378845215
1043,Kernel SHAP,970,62.679887771606445
1044,Unbiased Kernel SHAP,970,17.371909618377686
1045,SHAP-IQ,970,17.382702350616455
1046,STAR-SHAP (5-STAR),1020,6.918808698654175
1047,Kernel SHAP,1020,64.32411575317383
1048,Unbiased Kernel SHAP,1020,18.538237810134888
1049,SHAP-IQ,1020,18.558955669403076
